{"cameraMode":{"drawMode":0,"name":"Shaded","section":"Shading Mode"},"sceneLighting":true,"audioPlay":false,"sceneViewState":{"showFog":true,"showMaterialUpdate":true,"showSkybox":true,"showFlares":true,"showImageEffects":true,"showParticleSystems":true},"in2DMode":false,"pivot":{"x":-21.878639221191408,"y":9.83044719696045,"z":188.97589111328126},"rotation":{"x":0.00307534565217793,"y":-0.8011874556541443,"z":-0.0033186532091349365,"w":-0.5986359715461731},"size":84.18234252929688,"orthographic":false}