{"cameraMode":{"drawMode":0,"name":"Shaded","section":"Shading Mode"},"sceneLighting":true,"audioPlay":false,"sceneViewState":{"showFog":true,"showMaterialUpdate":false,"showSkybox":true,"showFlares":true,"showImageEffects":true,"showParticleSystems":true},"in2DMode":false,"pivot":{"x":-128.5861358642578,"y":100.93936157226563,"z":-39.17500686645508},"rotation":{"x":-0.26406189799308779,"y":-0.33210310339927676,"z":0.09740941226482392,"w":-0.9002746343612671},"size":7.362061500549316,"orthographic":false}