{"cameraMode":{"drawMode":0,"name":"Shaded","section":"Shading Mode"},"sceneLighting":true,"audioPlay":false,"sceneViewState":{"showFog":true,"showMaterialUpdate":false,"showSkybox":true,"showFlares":true,"showImageEffects":true,"showParticleSystems":true},"in2DMode":false,"pivot":{"x":-0.6087910532951355,"y":7.008855819702148,"z":-7.500880241394043},"rotation":{"x":-0.32433509826660159,"y":0.004826155491173267,"z":-0.0016457687597721816,"w":-0.9459406137466431},"size":0.008239900693297387,"orthographic":false}